<?xml version="1.0" encoding="utf-8"?>
<applicationmap>
  <RunInfo>
    <BuildVersion>26060</BuildVersion>
    <BuildBranch>engine</BuildBranch>
  </RunInfo>
  <executionunit>
    <name>incrementally_linked.exe</name>
    <debug>yes</debug>
    <asp>no</asp>
    <size>40960</size>
    <executablesize>16384</executablesize>
    <error>Warning: edit and continue has been enabled.  This may produce undesired results.&amp;#10;&amp;#9;&amp;#9;Please recompile without edit and continue enabled in your project.</error>
    <optimizations>no</optimizations>
    <obfuscated>no</obfuscated>
    <incrementally-linked>yes</incrementally-linked>
    <corrupted-headers>no</corrupted-headers>
    <platform>
      <compiler>MSVC8_X86</compiler>
      <name>Windows XP</name>
      <arch>IA32</arch>
      <compiler-supported>yes</compiler-supported>
      <arch-supported>yes</arch-supported>
      <platform-supported>yes</platform-supported>
      <platform-deprecated>no</platform-deprecated>
      <analysis-supported>yes</analysis-supported>
    </platform>
    <environments>
      <environment>
        <file>winxp_kernel.zip</file>
        <description>Windows Server 2003 R2 (SP2) Kernel</description>
      </environment>
      <environment>
        <file>winxp_msvcr80sp1d.zip</file>
        <description>Visual Studio 8.0 (SP1) C (Debug,DLL)</description>
      </environment>
    </environments>
    <binaryfiles/>
    <environmentfiles>
      <file>
        <name>kernel32.dll</name>
        <dependencyof>incrementally_linked.exe</dependencyof>
        <found>yes</found>
        <analyzed>no</analyzed>
        <environment>winxp_kernel.zip</environment>
      </file>
      <file>
        <name>msvcr80d.dll</name>
        <dependencyof>incrementally_linked.exe</dependencyof>
        <found>yes</found>
        <analyzed>no</analyzed>
        <environment>winxp_msvcr80sp1d.zip</environment>
      </file>
      <file>
        <name>msvcrtd.lib:..\build\intel\xdll_obj\error.obj</name>
        <dependencyof>incrementally_linked.exe</dependencyof>
        <found>yes</found>
        <analyzed>no</analyzed>
        <environment>winxp_msvcr80sp1d.zip</environment>
      </file>
      <file>
        <name>msvcrtd.lib:..\build\intel\xdll_obj\init.obj</name>
        <dependencyof>incrementally_linked.exe</dependencyof>
        <found>yes</found>
        <analyzed>no</analyzed>
        <environment>winxp_msvcr80sp1d.zip</environment>
      </file>
      <file>
        <name>msvcrtd.lib:..\build\intel\xdll_obj\initsect.obj</name>
        <dependencyof>incrementally_linked.exe</dependencyof>
        <found>yes</found>
        <analyzed>no</analyzed>
        <environment>winxp_msvcr80sp1d.zip</environment>
      </file>
      <file>
        <name>msvcrtd.lib:..\build\intel\xdll_obj\pdblkup.obj</name>
        <dependencyof>incrementally_linked.exe</dependencyof>
        <found>yes</found>
        <analyzed>no</analyzed>
        <environment>winxp_msvcr80sp1d.zip</environment>
      </file>
      <file>
        <name>msvcrtd.lib:..\build\intel\xdll_obj\userapi.obj</name>
        <dependencyof>incrementally_linked.exe</dependencyof>
        <found>yes</found>
        <analyzed>no</analyzed>
        <environment>winxp_msvcr80sp1d.zip</environment>
      </file>
      <file>
        <name>msvcrtd.lib:build\intel\xdll_obj\_newmode.obj</name>
        <dependencyof>incrementally_linked.exe</dependencyof>
        <found>yes</found>
        <analyzed>no</analyzed>
        <environment>winxp_msvcr80sp1d.zip</environment>
      </file>
      <file>
        <name>msvcrtd.lib:build\intel\xdll_obj\adjustfd.obj</name>
        <dependencyof>incrementally_linked.exe</dependencyof>
        <found>yes</found>
        <analyzed>no</analyzed>
        <environment>winxp_msvcr80sp1d.zip</environment>
      </file>
      <file>
        <name>msvcrtd.lib:build\intel\xdll_obj\atonexit.obj</name>
        <dependencyof>incrementally_linked.exe</dependencyof>
        <found>yes</found>
        <analyzed>no</analyzed>
        <environment>winxp_msvcr80sp1d.zip</environment>
      </file>
      <file>
        <name>msvcrtd.lib:build\intel\xdll_obj\chandler4gs.obj</name>
        <dependencyof>incrementally_linked.exe</dependencyof>
        <found>yes</found>
        <analyzed>no</analyzed>
        <environment>winxp_msvcr80sp1d.zip</environment>
      </file>
      <file>
        <name>msvcrtd.lib:build\intel\xdll_obj\cinitexe.obj</name>
        <dependencyof>incrementally_linked.exe</dependencyof>
        <found>yes</found>
        <analyzed>no</analyzed>
        <environment>winxp_msvcr80sp1d.zip</environment>
      </file>
      <file>
        <name>msvcrtd.lib:build\intel\xdll_obj\crtmanifest.obj</name>
        <dependencyof>incrementally_linked.exe</dependencyof>
        <found>yes</found>
        <analyzed>no</analyzed>
        <environment>winxp_msvcr80sp1d.zip</environment>
      </file>
      <file>
        <name>msvcrtd.lib:build\intel\xdll_obj\fp8.obj</name>
        <dependencyof>incrementally_linked.exe</dependencyof>
        <found>yes</found>
        <analyzed>no</analyzed>
        <environment>winxp_msvcr80sp1d.zip</environment>
      </file>
      <file>
        <name>msvcrtd.lib:build\intel\xdll_obj\gs_cookie.obj</name>
        <dependencyof>incrementally_linked.exe</dependencyof>
        <found>yes</found>
        <analyzed>no</analyzed>
        <environment>winxp_msvcr80sp1d.zip</environment>
      </file>
      <file>
        <name>msvcrtd.lib:build\intel\xdll_obj\gs_report.obj</name>
        <dependencyof>incrementally_linked.exe</dependencyof>
        <found>yes</found>
        <analyzed>no</analyzed>
        <environment>winxp_msvcr80sp1d.zip</environment>
      </file>
      <file>
        <name>msvcrtd.lib:build\intel\xdll_obj\gs_support.obj</name>
        <dependencyof>incrementally_linked.exe</dependencyof>
        <found>yes</found>
        <analyzed>no</analyzed>
        <environment>winxp_msvcr80sp1d.zip</environment>
      </file>
      <file>
        <name>msvcrtd.lib:build\intel\xdll_obj\merr.obj</name>
        <dependencyof>incrementally_linked.exe</dependencyof>
        <found>yes</found>
        <analyzed>no</analyzed>
        <environment>winxp_msvcr80sp1d.zip</environment>
      </file>
      <file>
        <name>msvcrtd.lib:build\intel\xdll_obj\natstart.obj</name>
        <dependencyof>incrementally_linked.exe</dependencyof>
        <found>yes</found>
        <analyzed>no</analyzed>
        <environment>winxp_msvcr80sp1d.zip</environment>
      </file>
      <file>
        <name>msvcrtd.lib:build\intel\xdll_obj\pesect.obj</name>
        <dependencyof>incrementally_linked.exe</dependencyof>
        <found>yes</found>
        <analyzed>no</analyzed>
        <environment>winxp_msvcr80sp1d.zip</environment>
      </file>
      <file>
        <name>msvcrtd.lib:build\intel\xdll_obj\secchk.obj</name>
        <dependencyof>incrementally_linked.exe</dependencyof>
        <found>yes</found>
        <analyzed>no</analyzed>
        <environment>winxp_msvcr80sp1d.zip</environment>
      </file>
      <file>
        <name>msvcrtd.lib:build\intel\xdll_obj\unhandld.obj</name>
        <dependencyof>incrementally_linked.exe</dependencyof>
        <found>yes</found>
        <analyzed>no</analyzed>
        <environment>winxp_msvcr80sp1d.zip</environment>
      </file>
      <file>
        <name>msvcrtd.lib:build\intel\xdll_obj\wcrtexe.obj</name>
        <dependencyof>incrementally_linked.exe</dependencyof>
        <found>yes</found>
        <analyzed>no</analyzed>
        <environment>winxp_msvcr80sp1d.zip</environment>
      </file>
      <file>
        <name>msvcrtd.lib:build\intel\xdll_obj\wdllargv.obj</name>
        <dependencyof>incrementally_linked.exe</dependencyof>
        <found>yes</found>
        <analyzed>no</analyzed>
        <environment>winxp_msvcr80sp1d.zip</environment>
      </file>
      <file>
        <name>msvcrtd.lib:build\intel\xdll_obj\wildcard.obj</name>
        <dependencyof>incrementally_linked.exe</dependencyof>
        <found>yes</found>
        <analyzed>no</analyzed>
        <environment>winxp_msvcr80sp1d.zip</environment>
      </file>
      <file>
        <name>msvcrtd.lib:build\intel\xdll_obj\xncommod.obj</name>
        <dependencyof>incrementally_linked.exe</dependencyof>
        <found>yes</found>
        <analyzed>no</analyzed>
        <environment>winxp_msvcr80sp1d.zip</environment>
      </file>
      <file>
        <name>msvcrtd.lib:build\intel\xdll_obj\xthdloc.obj</name>
        <dependencyof>incrementally_linked.exe</dependencyof>
        <found>yes</found>
        <analyzed>no</analyzed>
        <environment>winxp_msvcr80sp1d.zip</environment>
      </file>
      <file>
        <name>msvcrtd.lib:build\intel\xdll_obj\xtxtmode.obj</name>
        <dependencyof>incrementally_linked.exe</dependencyof>
        <found>yes</found>
        <analyzed>no</analyzed>
        <environment>winxp_msvcr80sp1d.zip</environment>
      </file>
    </environmentfiles>
    <debugfiles>
      <file>
        <name>incrementally_linked.pdb</name>
        <dependencyof>incrementally_linked.exe</dependencyof>
        <found>yes</found>
        <analyzed>yes</analyzed>
        <path>c:\testing\incrementally_linked\incrementally_linked\debug\incrementally_linked.pdb</path>
        <debug>yes</debug>
        <loadable>yes</loadable>
        <optimizations>no</optimizations>
        <obfuscated>no</obfuscated>
        <incrementally-linked>yes</incrementally-linked>
      </file>
    </debugfiles>
    <sourcefiles/>
  </executionunit>
</applicationmap>
